id,big_data_skills,maths-stats_skills,coding_skills,ai_and_ml_skills,dashboard_and_storytelling_skills,salary_hike_high_or_low,is_duplicate_id,composite_skill_score,technical_core_score
2809,3.6,4.0,4.5,4.8,5.0,1,0,4.38,4.433
2231,5.0,3.8,3.3,5.0,4.4,0,0,4.3,4.033
3522,4.1,3.8,4.4,4.2,5.0,1,0,4.3,4.133
3291,4.4,3.0,3.3,4.6,2.3,0,1,3.52,3.633
3424,2.3,2.3,2.6,3.3,3.0,0,0,2.7,2.733
3757,5.0,3.8,2.6,4.9,2.9,0,0,3.84,3.767
2544,3.0,5.0,5.0,5.0,5.0,1,0,4.6,5.0
3482,3.8,4.4,3.4,3.0,4.8,0,0,3.88,3.6
3702,3.5,4.4,5.0,4.6,5.0,1,0,4.5,4.667
3312,5.0,3.1,5.0,4.8,3.2,0,0,4.22,4.3
3944,2.4,5.0,5.0,5.0,5.0,1,0,4.48,5.0
2668,4.9,2.7,3.8,4.6,5.0,0,0,4.2,3.7
2386,3.8,5.0,4.6,4.7,5.0,1,0,4.62,4.767
2622,3.6,5.0,5.0,5.0,5.0,1,0,4.72,5.0
3398,4.5,5.0,5.0,5.0,5.0,1,0,4.9,5.0
3043,2.9,5.0,4.4,5.0,4.4,0,0,4.34,4.8
2292,3.7,4.8,4.6,5.0,3.3,0,0,4.28,4.8
3101,5.0,3.9,5.0,4.2,5.0,1,0,4.62,4.367
3861,3.1,5.0,5.0,5.0,5.0,1,0,4.62,5.0
2381,2.8,4.9,5.0,5.0,5.0,1,0,4.54,4.967
3176,2.9,5.0,3.9,5.0,2.3,0,0,3.82,4.633
3060,3.8,5.0,3.2,4.6,2.5,0,0,3.82,4.267
2518,2.9,2.5,3.2,5.0,3.9,0,0,3.5,3.567
3876,3.5,4.5,4.6,4.4,4.6,0,0,4.32,4.5
2511,4.3,5.0,5.0,5.0,5.0,1,0,4.86,5.0
2180,4.0,5.0,5.0,5.0,5.0,1,0,4.8,5.0
3819,2.4,3.4,3.1,4.3,2.5,0,0,3.14,3.6
3788,4.4,4.0,4.1,4.9,2.9,0,0,4.06,4.333
3608,5.0,5.0,4.6,2.8,3.7,0,0,4.22,4.133
3291,4.8,4.5,5.0,4.8,5.0,1,1,4.82,4.767
2845,5.0,3.5,3.1,4.3,5.0,0,0,4.18,3.633
3400,3.1,3.8,4.1,4.9,3.8,0,0,3.94,4.267
2963,3.6,4.0,4.5,4.8,5.0,0,0,4.38,4.433
2627,5.0,3.8,3.3,5.0,4.4,0,0,4.3,4.033
3742,4.1,3.8,4.4,4.2,5.0,0,0,4.3,4.133
2651,4.4,3.0,3.3,4.6,2.3,0,0,3.52,3.633
2931,2.3,2.3,2.6,3.3,3.0,0,0,2.7,2.733
2132,5.0,3.8,2.6,4.9,2.9,0,0,3.84,3.767
3287,3.0,5.0,5.0,5.0,5.0,0,0,4.6,5.0
2530,3.8,4.4,3.4,3.0,4.8,1,0,3.88,3.6
2812,3.5,4.4,5.0,4.6,5.0,1,0,4.5,4.667
3781,5.0,3.1,5.0,4.8,3.2,0,0,4.22,4.3
3160,2.4,5.0,5.0,5.0,5.0,0,0,4.48,5.0
2189,4.9,2.7,3.8,4.6,5.0,0,0,4.2,3.7
2088,3.8,5.0,4.6,4.7,5.0,0,0,4.62,4.767
2261,3.6,5.0,5.0,5.0,5.0,1,0,4.72,5.0
3418,4.5,5.0,5.0,5.0,5.0,1,0,4.9,5.0
3530,2.9,5.0,4.4,5.0,4.4,1,0,4.34,4.8
2711,3.7,4.8,4.6,5.0,3.3,1,0,4.28,4.8
2355,5.0,3.9,5.0,4.2,5.0,1,0,4.62,4.367
3150,3.1,5.0,5.0,5.0,5.0,1,0,4.62,5.0
2171,2.8,4.9,5.0,5.0,5.0,1,0,4.54,4.967
3408,2.9,5.0,3.9,5.0,2.3,1,0,3.82,4.633
3407,3.8,5.0,3.2,4.6,2.5,1,0,3.82,4.267
2681,2.9,2.5,3.2,5.0,3.9,0,0,3.5,3.567
2136,3.5,4.5,4.6,4.4,4.6,1,0,4.32,4.5
2053,4.3,5.0,5.0,5.0,5.0,1,0,4.86,5.0
2529,4.0,5.0,5.0,5.0,5.0,0,0,4.8,5.0
2223,2.4,3.4,3.1,4.3,2.5,0,1,3.14,3.6
3807,4.2,5.0,5.0,4.5,5.0,1,0,4.74,4.833
4000,3.1,5.0,4.9,4.6,5.0,1,0,4.52,4.833
2620,2.6,5.0,5.0,3.0,5.0,0,0,4.12,4.333
2962,2.3,4.6,4.3,3.8,5.0,0,0,4.0,4.233
2212,3.5,2.4,4.6,5.0,2.9,0,0,3.68,4.0
3326,4.8,5.0,4.4,2.9,3.5,0,0,4.12,4.1
3768,3.1,4.1,5.0,5.0,5.0,0,0,4.44,4.7
2635,3.3,5.0,5.0,5.0,5.0,1,0,4.66,5.0
3695,4.0,4.6,5.0,4.7,5.0,1,0,4.66,4.767
2275,3.0,5.0,5.0,5.0,5.0,1,0,4.6,5.0
3504,4.8,4.9,4.9,4.8,4.2,1,0,4.72,4.867
2536,4.5,4.1,5.0,5.0,5.0,1,0,4.72,4.7
2906,3.3,5.0,4.8,5.0,5.0,1,0,4.62,4.933
2759,5.0,4.2,4.4,4.7,5.0,1,0,4.66,4.433
2045,4.1,5.0,5.0,5.0,5.0,1,0,4.82,5.0
2161,4.6,3.9,5.0,4.6,5.0,1,0,4.62,4.5
3032,4.6,5.0,4.5,5.0,5.0,1,0,4.82,4.833
3679,3.1,5.0,5.0,5.0,5.0,1,0,4.62,5.0
3106,3.0,3.5,2.9,5.0,5.0,0,0,3.88,3.8
3281,3.2,5.0,5.0,5.0,5.0,1,0,4.64,5.0
2094,3.4,4.4,3.3,5.0,4.4,0,0,4.1,4.233
2276,3.9,2.7,2.2,5.0,5.0,0,0,3.76,3.3
2966,4.3,5.0,4.7,5.0,5.0,1,0,4.8,4.9
3773,5.0,5.0,5.0,4.8,5.0,1,0,4.96,4.933
3855,5.0,3.5,2.9,3.5,3.1,0,0,3.6,3.3
2405,3.7,4.5,3.9,3.5,5.0,0,0,4.12,3.967
2925,2.8,2.2,2.3,3.6,2.7,0,0,2.72,2.7
2981,4.7,4.5,3.0,5.0,5.0,1,0,4.44,4.167
2991,2.9,3.9,2.9,5.0,4.8,0,0,3.9,3.933
2667,5.0,4.8,5.0,3.0,3.0,0,0,4.16,4.267
3841,4.1,4.9,4.8,5.0,5.0,1,0,4.76,4.9
2310,3.8,5.0,5.0,4.8,5.0,1,0,4.72,4.933
2725,2.5,5.0,3.2,5.0,2.7,0,0,3.68,4.4
2630,5.0,5.0,5.0,4.9,5.0,1,0,4.98,4.967
2487,3.7,5.0,5.0,5.0,5.0,1,0,4.74,5.0
2577,4.9,5.0,5.0,5.0,5.0,1,0,4.98,5.0
3476,2.5,4.3,5.0,3.1,3.0,0,0,3.58,4.133
3440,4.1,5.0,5.0,4.9,5.0,1,0,4.8,4.967
3618,3.5,5.0,4.4,4.8,5.0,1,0,4.54,4.733
3818,3.1,5.0,3.3,5.0,5.0,1,0,4.28,4.433
2941,4.4,2.7,5.0,3.1,5.0,0,0,4.04,3.6
2035,3.0,3.2,5.0,4.0,4.1,0,0,3.86,4.067
2223,3.3,3.8,5.0,3.4,2.5,0,1,3.6,4.067
3910,4.9,4.6,2.3,5.0,4.9,1,0,4.34,3.967
3357,4.5,2.6,2.5,2.2,3.3,0,0,3.02,2.433
2164,2.7,4.4,3.9,5.0,2.3,0,0,3.66,4.433
3464,5.0,2.9,4.6,3.6,2.7,0,0,3.76,3.7
3341,3.3,5.0,5.0,5.0,5.0,1,0,4.66,5.0
3034,2.7,2.9,5.0,3.9,5.0,0,0,3.9,3.933
2946,2.8,5.0,2.5,5.0,3.3,0,0,3.72,4.167
2304,5.0,4.6,2.9,5.0,4.2,1,0,4.34,4.167
3759,3.8,5.0,3.7,4.5,5.0,1,0,4.4,4.4
3385,3.5,5.0,5.0,5.0,5.0,1,0,4.7,5.0
2615,5.0,5.0,5.0,3.4,2.6,0,0,4.2,4.467
2361,4.2,3.8,3.8,5.0,5.0,1,0,4.36,4.2
3405,5.0,4.4,5.0,5.0,5.0,0,0,4.88,4.8
2704,4.6,3.4,4.4,5.0,2.9,0,0,4.06,4.267
3872,3.5,5.0,5.0,5.0,5.0,1,0,4.7,5.0
2168,3.9,4.0,2.3,4.8,5.0,1,0,4.0,3.7
3923,4.3,2.3,3.0,3.5,5.0,0,0,3.62,2.933
3065,2.5,4.9,2.9,3.0,2.9,0,0,3.24,3.6
2127,5.0,4.5,5.0,4.3,5.0,1,0,4.76,4.6
2032,2.9,5.0,4.8,5.0,5.0,1,0,4.54,4.933
2324,3.6,5.0,5.0,5.0,5.0,1,0,4.72,5.0
3330,5.0,2.9,3.2,2.3,2.6,0,0,3.2,2.8
2155,5.0,4.2,5.0,4.5,4.5,1,0,4.64,4.567
2007,5.0,3.6,5.0,4.7,4.6,1,0,4.58,4.433
2354,3.4,5.0,5.0,5.0,5.0,1,0,4.68,5.0
3265,5.0,4.7,5.0,5.0,5.0,1,0,4.94,4.9
3546,4.4,2.8,5.0,3.9,4.6,0,0,4.14,3.9
3774,4.4,5.0,4.4,5.0,5.0,1,0,4.76,4.8
3771,2.6,5.0,3.3,5.0,4.1,0,0,4.0,4.433
3381,3.0,4.9,5.0,5.0,3.1,0,0,4.2,4.967
2084,3.6,5.0,5.0,5.0,5.0,1,0,4.72,5.0
3980,4.0,4.9,5.0,5.0,5.0,1,0,4.78,4.967
2420,4.1,2.8,2.3,4.4,3.9,0,0,3.5,3.167
3164,4.8,5.0,2.5,5.0,5.0,0,0,4.46,4.167
2010,3.6,4.0,3.9,4.8,5.0,1,0,4.26,4.233
2097,5.0,3.8,4.6,5.0,4.4,1,0,4.56,4.467
3497,4.1,3.8,5.0,4.2,5.0,1,0,4.42,4.333
